<?xml version="1.0" encoding="UTF-8"?>
<metadata xml:lang="it"><Esri><CreaDate>20190114</CreaDate><CreaTime>14490400</CreaTime><ArcGISFormat>1.0</ArcGISFormat><SyncOnce>TRUE</SyncOnce><DataProperties><lineage><Process ToolSource="c:\program files (x86)\arcgis\desktop10.5\ArcToolbox\Toolboxes\Data Management Tools.tbx\CreateFeatureclass" Date="20190114" Time="144734">CreateFeatureclass C:\Sviluppo\LKMAPS_Desktop\newTiles out.shp POLYGON # DISABLED DISABLED "GEOGCS['GCS_WGS_1984',DATUM['D_WGS_1984',SPHEROID['WGS_1984',6378137.0,298.257223563]],PRIMEM['Greenwich',0.0],UNIT['Degree',0.0174532925199433]];-400 -400 1000000000;-100000 10000;-100000 10000;8.98315284119522E-09;0.001;0.001;IsHighPrecision" # 0 0 0</Process><Process ToolSource="c:\program files (x86)\arcgis\desktop10.5\ArcToolbox\Toolboxes\Data Management Tools.tbx\AddField" Date="20190114" Time="144734">AddField C:\Sviluppo\LKMAPS_Desktop\newTiles\out.shp URL TEXT # # 512 # NULLABLE NON_REQUIRED #</Process><Process ToolSource="c:\program files (x86)\arcgis\desktop10.5\ArcToolbox\Toolboxes\Data Management Tools.tbx\AddField" Date="20190114" Time="144734">AddField C:\Sviluppo\LKMAPS_Desktop\newTiles\out.shp Tile TEXT # # 30 # NULLABLE NON_REQUIRED #</Process><Process ToolSource="c:\program files (x86)\arcgis\desktop10.5\ArcToolbox\Toolboxes\Data Management Tools.tbx\AddField" Date="20190114" Time="144734">AddField C:\Sviluppo\LKMAPS_Desktop\newTiles\out.shp File TEXT # # 512 # NULLABLE NON_REQUIRED #</Process><Process ToolSource="c:\program files (x86)\arcgis\desktop10.5\ArcToolbox\Toolboxes\Data Management Tools.tbx\AddField" Date="20190114" Time="144734">AddField C:\Sviluppo\LKMAPS_Desktop\newTiles\out.shp LonMin DOUBLE # # # # NULLABLE NON_REQUIRED #</Process><Process ToolSource="c:\program files (x86)\arcgis\desktop10.5\ArcToolbox\Toolboxes\Data Management Tools.tbx\AddField" Date="20190114" Time="144734">AddField C:\Sviluppo\LKMAPS_Desktop\newTiles\out.shp LonMax DOUBLE # # # # NULLABLE NON_REQUIRED #</Process><Process ToolSource="c:\program files (x86)\arcgis\desktop10.5\ArcToolbox\Toolboxes\Data Management Tools.tbx\AddField" Date="20190114" Time="144734">AddField C:\Sviluppo\LKMAPS_Desktop\newTiles\out.shp LatMin DOUBLE # # # # NULLABLE NON_REQUIRED #</Process><Process ToolSource="c:\program files (x86)\arcgis\desktop10.5\ArcToolbox\Toolboxes\Data Management Tools.tbx\AddField" Date="20190114" Time="144734">AddField C:\Sviluppo\LKMAPS_Desktop\newTiles\out.shp LatMax DOUBLE # # # # NULLABLE NON_REQUIRED #</Process></lineage></DataProperties></Esri></metadata>
