<?xml version="1.0" encoding="UTF-8"?>
<metadata xml:lang="it"><Esri><CreaDate>20170206</CreaDate><CreaTime>15381600</CreaTime><ArcGISFormat>1.0</ArcGISFormat><ArcGISstyle>FGDC CSDGM Metadata</ArcGISstyle><SyncOnce>FALSE</SyncOnce><DataProperties><itemProps><itemName Sync="TRUE">coast_area_Dissolve1</itemName><imsContentType Sync="TRUE">002</imsContentType><itemSize Sync="TRUE">0.000</itemSize><itemLocation><linkage Sync="TRUE">file://\\FWWS24881527\C$\users-data\sp15442\Documents\ArcGIS\Default.gdb</linkage><protocol Sync="TRUE">Local Area Network</protocol></itemLocation></itemProps><coordRef><type Sync="TRUE">Geographic</type><geogcsn Sync="TRUE">GCS_WGS_1984</geogcsn><csUnits Sync="TRUE">Angular Unit: Degree (0.017453)</csUnits><peXml Sync="TRUE">&lt;GeographicCoordinateSystem xsi:type='typens:GeographicCoordinateSystem' xmlns:xsi='http://www.w3.org/2001/XMLSchema-instance' xmlns:xs='http://www.w3.org/2001/XMLSchema' xmlns:typens='http://www.esri.com/schemas/ArcGIS/10.3'&gt;&lt;WKT&gt;GEOGCS[&amp;quot;GCS_WGS_1984&amp;quot;,DATUM[&amp;quot;D_WGS_1984&amp;quot;,SPHEROID[&amp;quot;WGS_1984&amp;quot;,6378137.0,298.257223563]],PRIMEM[&amp;quot;Greenwich&amp;quot;,0.0],UNIT[&amp;quot;Degree&amp;quot;,0.0174532925199433],AUTHORITY[&amp;quot;EPSG&amp;quot;,4326]]&lt;/WKT&gt;&lt;XOrigin&gt;-400&lt;/XOrigin&gt;&lt;YOrigin&gt;-400&lt;/YOrigin&gt;&lt;XYScale&gt;1111948722.2222221&lt;/XYScale&gt;&lt;ZOrigin&gt;-100000&lt;/ZOrigin&gt;&lt;ZScale&gt;10000&lt;/ZScale&gt;&lt;MOrigin&gt;-100000&lt;/MOrigin&gt;&lt;MScale&gt;10000&lt;/MScale&gt;&lt;XYTolerance&gt;8.983152841195215e-009&lt;/XYTolerance&gt;&lt;ZTolerance&gt;0.001&lt;/ZTolerance&gt;&lt;MTolerance&gt;0.001&lt;/MTolerance&gt;&lt;HighPrecision&gt;true&lt;/HighPrecision&gt;&lt;LeftLongitude&gt;-180&lt;/LeftLongitude&gt;&lt;WKID&gt;4326&lt;/WKID&gt;&lt;LatestWKID&gt;4326&lt;/LatestWKID&gt;&lt;/GeographicCoordinateSystem&gt;</peXml></coordRef><lineage><Process ToolSource="c:\program files (x86)\arcgis\desktop10.3\ArcToolbox\Toolboxes\Data Management Tools.tbx\Merge" Date="20170206" Time="153322">Merge F:/vmap0/eur/bnd-ocean-a.shp;F:/vmap0/noa/bnd-ocean-a.shp;F:/vmap0/sas/bnd-ocean-a.shp;F:/vmap0/soa/bnd-ocean-a.shp F:\vmap0\coast_area\coast_area.shp "ID "ID" true true false 11 Double 0 11 ,First,#,F:/vmap0/eur/bnd-ocean-a.shp,ID,-1,-1,F:/vmap0/noa/bnd-ocean-a.shp,ID,-1,-1,F:/vmap0/sas/bnd-ocean-a.shp,ID,-1,-1,F:/vmap0/soa/bnd-ocean-a.shp,ID,-1,-1;F_CODE "F_CODE" true true false 5 Text 0 0 ,First,#,F:/vmap0/eur/bnd-ocean-a.shp,F_CODE,-1,-1,F:/vmap0/noa/bnd-ocean-a.shp,F_CODE,-1,-1,F:/vmap0/sas/bnd-ocean-a.shp,F_CODE,-1,-1,F:/vmap0/soa/bnd-ocean-a.shp,F_CODE,-1,-1;F_CODE_DES "F_CODE_DES" true true false 254 Text 0 0 ,First,#,F:/vmap0/eur/bnd-ocean-a.shp,F_CODE_DES,-1,-1,F:/vmap0/noa/bnd-ocean-a.shp,F_CODE_DES,-1,-1,F:/vmap0/sas/bnd-ocean-a.shp,F_CODE_DES,-1,-1,F:/vmap0/soa/bnd-ocean-a.shp,F_CODE_DES,-1,-1;NAM "NAM" true true false 254 Text 0 0 ,First,#,F:/vmap0/eur/bnd-ocean-a.shp,NAM,-1,-1,F:/vmap0/noa/bnd-ocean-a.shp,NAM,-1,-1,F:/vmap0/sas/bnd-ocean-a.shp,NAM,-1,-1,F:/vmap0/soa/bnd-ocean-a.shp,NAM,-1,-1;TILE_ID "TILE_ID" true true false 6 Long 0 6 ,First,#,F:/vmap0/eur/bnd-ocean-a.shp,TILE_ID,-1,-1,F:/vmap0/noa/bnd-ocean-a.shp,TILE_ID,-1,-1,F:/vmap0/sas/bnd-ocean-a.shp,TILE_ID,-1,-1,F:/vmap0/soa/bnd-ocean-a.shp,TILE_ID,-1,-1;FAC_ID "FAC_ID" true true false 11 Double 0 11 ,First,#,F:/vmap0/eur/bnd-ocean-a.shp,FAC_ID,-1,-1,F:/vmap0/noa/bnd-ocean-a.shp,FAC_ID,-1,-1,F:/vmap0/sas/bnd-ocean-a.shp,FAC_ID,-1,-1,F:/vmap0/soa/bnd-ocean-a.shp,FAC_ID,-1,-1;NEWFIELD1 "NEWFIELD1" true true false 16 Double 0 16 ,First,#,F:/vmap0/eur/bnd-ocean-a.shp,NEWFIELD1,-1,-1"</Process><Process ToolSource="c:\program files (x86)\arcgis\desktop10.3\ArcToolbox\Toolboxes\Data Management Tools.tbx\Dissolve" Date="20170206" Time="153642">Dissolve coast_area C:\users-data\sp15442\Documents\ArcGIS\Default.gdb\coast_area_Dissolve1 NAM # MULTI_PART DISSOLVE_LINES</Process></lineage></DataProperties><SyncDate>20170206</SyncDate><SyncTime>15362800</SyncTime><ModDate>20170206</ModDate><ModTime>15362800</ModTime></Esri><dataIdInfo><envirDesc Sync="TRUE">Microsoft Windows 7 Version 6.1 (Build 7601) Service Pack 1; Esri ArcGIS 10.3.0.4322</envirDesc><dataLang><languageCode value="ita" Sync="TRUE"></languageCode><countryCode value="ITA" Sync="TRUE"></countryCode></dataLang><idCitation><resTitle Sync="TRUE">coast_area_Dissolve1</resTitle><presForm><PresFormCd value="005" Sync="TRUE"></PresFormCd></presForm></idCitation><spatRpType><SpatRepTypCd value="001" Sync="TRUE"></SpatRepTypCd></spatRpType></dataIdInfo><mdLang><languageCode value="ita" Sync="TRUE"></languageCode><countryCode value="ITA" Sync="TRUE"></countryCode></mdLang><mdChar><CharSetCd value="004" Sync="TRUE"></CharSetCd></mdChar><distInfo><distFormat><formatName Sync="TRUE">File Geodatabase Feature Class</formatName></distFormat><distTranOps><transSize Sync="TRUE">0.000</transSize></distTranOps></distInfo><mdHrLv><ScopeCd value="005" Sync="TRUE"></ScopeCd></mdHrLv><mdHrLvName Sync="TRUE">dataset</mdHrLvName><refSysInfo><RefSystem><refSysID><identCode code="4326" Sync="TRUE"></identCode><idCodeSpace Sync="TRUE">EPSG</idCodeSpace><idVersion Sync="TRUE">8.2.6</idVersion></refSysID></RefSystem></refSysInfo><spatRepInfo><VectSpatRep><geometObjs Name="coast_area_Dissolve1"><geoObjTyp><GeoObjTypCd value="002" Sync="TRUE"></GeoObjTypCd></geoObjTyp><geoObjCnt Sync="TRUE">0</geoObjCnt></geometObjs><topLvl><TopoLevCd value="001" Sync="TRUE"></TopoLevCd></topLvl></VectSpatRep></spatRepInfo><spdoinfo><ptvctinf><esriterm Name="coast_area_Dissolve1"><efeatyp Sync="TRUE">Simple</efeatyp><efeageom code="4" Sync="TRUE"></efeageom><esritopo Sync="TRUE">FALSE</esritopo><efeacnt Sync="TRUE">0</efeacnt><spindex Sync="TRUE">TRUE</spindex><linrefer Sync="TRUE">FALSE</linrefer></esriterm></ptvctinf></spdoinfo><eainfo><detailed Name="coast_area_Dissolve1"><enttyp><enttypl Sync="TRUE">coast_area_Dissolve1</enttypl><enttypt Sync="TRUE">Feature Class</enttypt><enttypc Sync="TRUE">0</enttypc></enttyp><attr><attrlabl Sync="TRUE">OBJECTID</attrlabl><attalias Sync="TRUE">OBJECTID</attalias><attrtype Sync="TRUE">OID</attrtype><attwidth Sync="TRUE">4</attwidth><atprecis Sync="TRUE">0</atprecis><attscale Sync="TRUE">0</attscale><attrdef Sync="TRUE">Internal feature number.</attrdef><attrdefs Sync="TRUE">Esri</attrdefs><attrdomv><udom Sync="TRUE">Sequential unique whole numbers that are automatically generated.</udom></attrdomv></attr><attr><attrlabl Sync="TRUE">Shape</attrlabl><attalias Sync="TRUE">Shape</attalias><attrtype Sync="TRUE">Geometry</attrtype><attwidth Sync="TRUE">0</attwidth><atprecis Sync="TRUE">0</atprecis><attscale Sync="TRUE">0</attscale><attrdef Sync="TRUE">Feature geometry.</attrdef><attrdefs Sync="TRUE">Esri</attrdefs><attrdomv><udom Sync="TRUE">Coordinates defining the features.</udom></attrdomv></attr><attr><attrlabl Sync="TRUE">NAM</attrlabl><attalias Sync="TRUE">NAM</attalias><attrtype Sync="TRUE">String</attrtype><attwidth Sync="TRUE">254</attwidth><atprecis Sync="TRUE">0</atprecis><attscale Sync="TRUE">0</attscale></attr><attr><attrlabl Sync="TRUE">Shape_Length</attrlabl><attalias Sync="TRUE">Shape_Length</attalias><attrtype Sync="TRUE">Double</attrtype><attwidth Sync="TRUE">8</attwidth><atprecis Sync="TRUE">0</atprecis><attscale Sync="TRUE">0</attscale><attrdef Sync="TRUE">Length of feature in internal units.</attrdef><attrdefs Sync="TRUE">Esri</attrdefs><attrdomv><udom Sync="TRUE">Positive real numbers that are automatically generated.</udom></attrdomv></attr><attr><attrlabl Sync="TRUE">Shape_Area</attrlabl><attalias Sync="TRUE">Shape_Area</attalias><attrtype Sync="TRUE">Double</attrtype><attwidth Sync="TRUE">8</attwidth><atprecis Sync="TRUE">0</atprecis><attscale Sync="TRUE">0</attscale><attrdef Sync="TRUE">Area of feature in internal units squared.</attrdef><attrdefs Sync="TRUE">Esri</attrdefs><attrdomv><udom Sync="TRUE">Positive real numbers that are automatically generated.</udom></attrdomv></attr></detailed></eainfo><mdDateSt Sync="TRUE">20170206</mdDateSt></metadata>
